76,104,133,205,137,107,76,28,57,129,61,31,0,31,103,35,3,28,72,5,28,57,68,100,129,32,61,31
75,103,131,203,133,103,74,29,56,129,59,31,9,28,100,30,9,30,72,12,32,58,71,102,130,31,59,29
73,101,131,198,132,104,72,29,58,126,64,42,24,30,97,37,27,38,68,24,42,65,69,100,130,30,61,32
76,103,131,200,132,105,76,28,56,126,64,44,31,28,98,40,31,40,70,28,42,64,72,100,128,29,57,29
76,105,130,203,135,105,76,29,54,127,63,37,23,25,98,36,23,37,73,22,36,60,71,102,130,31,60,29
77,106,135,204,135,106,77,29,58,127,58,30,4,30,98,29,3,29,69,3,31,58,69,99,127,30,58,29
77,106,134,205,137,108,80,29,57,128,60,32,4,29,100,31,4,26,71,4,28,54,69,99,126,30,57,28
78,106,135,205,134,106,80,29,57,127,58,35,16,29,98,29,16,29,70,15,36,57,72,101,126,29,54,26
78,106,135,201,136,108,78,28,56,123,63,42,26,29,95,39,29,38,67,29,44,64,68,97,126,30,59,30
81,110,141,202,139,109,79,30,61,124,68,45,34,31,94,44,34,45,64,34,48,71,68,98,127,31,61,30
80,108,138,202,137,107,79,28,58,124,66,46,33,30,96,43,36,43,67,34,49,68,70,100,126,30,58,28
82,109,139,203,141,110,81,28,58,124,70,49,39,30,97,47,39,48,67,37,50,72,67,98,127,31,61,30
79,108,141,202,139,107,77,30,63,126,70,47,34,33,96,45,36,45,64,34,51,73,67,100,128,33,63,30
77,106,136,200,137,106,76,30,60,126,70,50,37,30,96,45,40,48,67,34,52,72,67,101,129,34,63,30
80,107,138,200,138,106,78,28,59,123,68,46,34,31,95,45,37,44,65,34,51,70,66,99,126,34,61,28
77,107,137,201,138,106,76,31,61,127,70,48,35,30,96,44,37,47,67,34,52,73,67,101,130,34,64,31
80,109,140,201,138,108,75,30,61,124,68,48,35,31,94,42,38,48,64,31,51,74,66,98,130,32,64,33
80,110,141,203,141,109,78,31,62,126,71,48,37,31,95,45,37,48,65,34,51,74,66,99,129,34,64,31
78,108,141,202,138,108,75,31,64,128,72,51,36,33,98,47,39,48,66,37,52,75,68,99,130,31,64,33
81,108,138,201,138,106,75,28,58,125,70,49,37,30,97,47,40,48,68,36,52,72,66,99,129,34,64,31
77,107,138,202,138,106,75,31,62,130,74,55,42,31,99,50,45,52,68,39,56,76,70,103,132,34,64,31
76,105,136,200,137,106,74,30,61,129,74,52,40,31,99,50,40,50,69,40,51,75,68,99,131,31,64,33
77,107,140,200,139,106,74,30,64,129,77,56,43,34,100,56,48,55,68,45,59,80,66,99,130,33,66,33
77,107,138,199,138,107,76,31,62,127,74,53,41,31,97,50,41,50,67,41,53,74,65,96,126,31,62,31
74,104,133,196,134,103,73,32,61,125,71,47,34,29,93,43,31,43,65,31,45,68,65,96,126,32,62,30
70,96,128,193,130,97,68,27,59,124,63,36,18,33,97,36,18,31,65,15,38,63,64,98,126,34,62,29
69,100,130,195,130,97,69,31,61,126,61,30,7,31,95,30,8,31,65,3,35,62,65,99,126,34,61,28
70,98,126,198,129,98,70,28,56,128,59,30,6,29,100,31,7,28,72,4,31,57,69,102,128,33,59,28
74,98,126,200,128,101,74,24,52,126,54,28,3,30,103,30,7,24,74,7,30,53,73,101,126,28,54,28
71,99,126,199,129,99,71,28,55,128,58,29,3,28,101,30,4,28,73,5,29,55,71,102,129,31,58,28
73,97,124,201,127,101,76,24,51,128,54,31,9,28,104,31,16,24,77,12,33,51,76,105,127,29,52,26
75,105,134,203,139,108,77,31,60,130,72,48,31,30,99,44,31,40,71,34,45,66,70,100,129,31,62,31
74,103,137,200,137,107,74,30,64,128,71,48,32,34,98,45,35,44,65,33,49,73,68,99,130,31,64,33
73,103,136,202,137,105,73,31,64,133,76,54,40,33,102,51,43,51,70,40,55,77,70,103,135,34,66,33
76,106,139,207,143,108,75,31,64,135,80,54,40,33,104,55,43,51,72,43,55,77,70,105,137,36,69,33
77,107,139,207,141,106,74,32,64,135,77,52,38,32,103,50,39,48,72,38,52,74,71,105,136,35,67,32
73,107,140,208,142,107,72,35,69,140,83,59,45,34,105,56,48,57,72,42,59,82,72,109,142,37,72,35
73,107,142,210,141,107,73,35,70,141,80,57,42,35,106,51,43,53,72,42,59,83,74,109,143,36,70,35
73,105,139,207,141,107,73,33,67,138,80,57,42,34,105,52,43,52,72,42,58,81,72,107,140,36,70,35
77,108,143,208,142,108,77,32,67,134,78,55,42,35,103,52,45,53,68,42,59,81,73,108,138,36,67,32
72,106,140,208,142,107,72,35,69,139,82,57,42,34,104,52,43,53,71,42,59,82,73,109,142,37,72,35
77,110,142,211,143,110,76,34,66,137,78,56,41,32,104,52,44,53,72,42,57,79,74,108,140,34,68,34
77,108,145,209,146,110,77,32,69,135,81,56,43,37,104,56,45,54,67,43,59,83,70,107,139,37,71,34
76,107,141,208,142,108,75,32,66,137,81,59,45,34,105,57,48,55,72,46,60,82,73,108,139,35,69,34
76,106,143,208,142,108,74,32,69,137,81,59,42,37,105,54,45,50,68,42,59,81,73,108,139,36,69,35
77,109,143,211,142,109,75,35,69,140,81,59,46,34,105,52,45,55,72,43,59,83,75,109,142,34,69,35
74,107,142,207,141,108,73,35,70,138,82,62,45,35,103,52,48,55,68,42,62,83,73,109,140,36,70,36
76,108,143,208,142,109,76,34,69,137,82,61,48,35,103,55,48,56,69,45,62,84,73,108,139,36,69,34
77,107,140,208,139,106,75,32,66,137,80,58,46,34,105,57,48,56,72,46,59,80,76,109,139,34,66,32
78,108,146,207,144,107,75,32,70,135,83,60,45,38,103,57,48,53,66,45,64,83,70,108,137,38,70,33
75,106,143,205,141,105,73,33,70,136,82,58,46,37,103,57,48,57,67,46,63,85,71,108,139,37,70,33
75,107,140,205,138,107,73,33,66,135,78,58,42,33,102,53,48,53,71,45,61,80,72,106,136,34,66,34
73,103,138,202,137,105,68,31,67,134,79,58,42,36,104,55,48,54,69,42,59,82,70,104,138,35,70,36
73,106,138,203,137,105,71,34,67,135,78,56,42,33,101,51,45,54,69,39,56,79,71,104,136,34,67,34
73,106,139,205,140,107,71,34,67,137,80,58,42,33,103,53,45,54,72,42,57,81,70,104,138,35,70,36
74,106,142,205,140,105,71,34,70,137,82,59,43,36,103,54,45,52,69,43,60,82,70,106,138,36,70,34
74,104,139,202,136,104,69,33,68,135,78,57,42,35,102,50,42,51,69,39,56,80,69,102,136,34,68,35
76,107,139,205,140,104,70,34,67,137,82,57,43,33,103,54,43,52,72,43,57,80,70,105,138,36,70,34
76,106,139,201,139,103,67,33,66,134,81,58,43,33,100,54,45,54,69,43,58,81,67,103,137,36,72,36
74,106,140,204,137,104,68,34,68,137,78,56,42,34,103,50,42,53,71,39,56,82,69,104,138,35,70,36
73,107,139,201,138,103,67,36,69,137,82,58,42,33,101,53,45,55,70,39,56,81,65,102,136,36,72,36
70,101,135,199,132,98,65,33,67,135,72,47,31,34,102,42,31,43,69,27,48,74,68,103,135,35,67,33
68,97,132,200,133,98,64,31,66,135,71,40,19,35,104,40,19,35,69,16,39,69,67,102,136,36,69,34
70,101,136,202,134,100,67,33,67,134,68,38,13,35,101,35,15,34,67,16,40,69,68,102,134,35,67,34
68,101,132,198,133,99,65,34,65,133,69,39,16,31,99,36,19,38,69,16,38,68,65,100,133,35,68,34
74,103,136,200,136,102,66,31,64,132,72,46,32,34,101,43,29,45,69,30,47,76,65,99,135,34,70,36
74,104,137,200,137,101,67,31,64,132,78,55,40,33,101,54,45,52,70,43,58,80,68,104,136,36,70,34
72,103,139,201,135,103,67,33,69,136,79,55,39,36,103,53,42,51,69,42,56,81,70,102,137,33,69,36
74,106,139,201,138,103,70,33,66,133,78,54,40,33,100,52,43,52,69,40,57,79,66,102,134,36,69,33
73,103,138,201,134,101,68,33,67,135,77,56,40,35,102,48,42,50,70,40,59,80,70,105,136,35,67,33
73,103,137,201,134,101,68,33,67,135,77,54,40,34,102,48,40,50,69,37,55,78,70,104,136,35,67,33
70,103,137,200,135,101,67,34,69,134,77,52,34,35,101,49,40,48,66,37,55,78,69,104,136,36,69,35
69,98,132,198,133,100,66,31,65,133,75,50,34,34,102,47,35,45,69,31,48,73,68,102,135,35,68,34
70,101,135,198,133,100,68,32,66,131,72,47,32,34,99,45,35,45,66,32,51,75,68,103,133,35,66,32
66,96,128,194,129,95,64,31,63,131,71,45,29,32,100,44,32,42,69,29,47,71,67,103,133,36,66,31
71,100,133,197,133,100,68,31,63,128,69,45,26,33,97,39,29,39,65,26,47,69,66,101,130,35,65,32
72,100,130,196,129,100,71,29,58,124,59,33,15,30,95,30,12,31,66,12,34,61,68,97,126,30,58,29
72,98,128,200,127,98,69,27,56,128,56,31,9,30,102,29,12,30,72,9,34,59,74,104,131,30,58,30
70,96,125,199,125,96,67,26,55,128,55,30,9,30,103,29,12,30,73,9,34,59,75,105,132,30,58,30
70,98,128,203,129,101,70,28,57,132,59,33,6,30,104,31,12,29,75,9,32,58,74,103,133,29,59,32
70,97,129,201,130,100,69,28,59,132,61,34,9,32,104,34,15,29,72,12,35,61,72,104,133,31,61,32
74,98,128,203,129,101,73,25,54,129,56,32,12,30,105,31,12,27,75,9,32,56,75,104,131,29,56,28
71,99,128,199,130,99,70,29,57,128,60,33,12,29,99,32,15,31,71,12,35,60,70,102,130,32,60,29
71,98,130,200,129,101,70,28,59,129,59,34,12,32,102,31,12,29,70,9,33,61,72,101,131,29,59,31
72,100,132,202,134,103,72,28,59,130,62,33,9,32,102,34,9,29,70,9,33,61,69,101,131,32,62,31
68,98,128,200,129,98,67,31,60,132,62,35,10,30,102,31,13,32,72,10,35,61,72,104,133,32,62,32
70,100,131,202,134,100,69,31,62,132,65,34,10,31,101,34,10,32,70,8,34,63,68,103,133,35,65,31
67,98,128,200,130,98,66,32,61,133,64,35,10,30,102,32,9,33,72,8,33,62,70,103,134,33,64,32
67,98,127,203,132,101,70,31,60,135,65,36,9,30,105,34,9,29,75,8,30,58,71,103,133,32,62,31
67,97,128,202,130,99,69,31,61,135,64,35,8,31,105,33,9,28,74,8,32,59,72,104,133,32,61,31
67,97,129,201,130,100,69,31,62,134,64,36,7,32,104,33,9,28,72,6,32,60,71,102,132,31,61,32
69,100,135,202,134,103,69,31,65,132,65,35,3,35,101,34,9,31,67,7,35,66,68,100,133,32,65,35
67,97,127,198,129,97,68,31,60,131,63,33,9,30,100,32,9,30,71,9,33,59,69,102,130,33,61,29
68,98,130,202,131,100,69,31,62,134,64,35,7,32,104,33,9,29,72,7,33,61,71,103,133,32,62,32
66,96,128,200,132,98,67,31,62,134,67,35,9,32,103,36,12,30,72,10,34,62,68,103,133,35,65,31
68,99,128,199,130,99,67,32,60,131,63,35,9,29,99,31,12,33,71,9,33,61,69,101,132,32,63,33
68,98,130,202,131,100,69,31,62,134,64,37,13,32,103,33,12,30,72,10,35,62,71,103,133,32,62,31
70,100,133,201,135,100,69,31,63,131,66,34,9,33,100,35,12,32,68,9,37,64,66,102,132,36,66,32
68,99,132,194,131,99,67,32,64,127,64,35,9,33,95,32,12,33,63,9,37,65,63,96,127,33,64,33
69,100,131,196,133,101,67,32,63,128,67,37,12,32,96,35,12,33,65,12,34,65,63,95,129,33,66,34
69,101,133,198,132,100,68,32,64,129,64,34,9,32,97,33,12,33,65,9,35,65,66,98,130,33,64,32
70,97,130,193,131,99,67,29,61,126,67,43,23,33,97,39,26,35,66,23,43,66,63,96,127,33,64,33
70,100,133,192,132,98,66,32,65,128,75,50,35,33,96,48,38,47,65,35,52,75,62,98,128,35,67,32
70,102,133,195,133,101,69,33,65,131,77,55,40,32,99,51,43,50,68,39,54,75,65,98,129,34,65,32
72,102,135,195,134,102,72,30,63,124,67,41,25,33,94,40,28,39,61,26,45,69,64,97,126,33,63,30
74,104,134,202,134,104,74,30,60,128,60,31,0,31,99,31,3,30,68,0,32,60,68,99,128,32,60,31
72,104,136,200,139,104,74,33,64,129,67,33,2,32,96,35,0,31,65,3,32,62,62,96,127,35,65,31
75,105,141,200,141,105,75,31,66,126,66,32,0,36,95,36,3,31,60,0,36,66,60,95,126,36,66,32
72,104,135,199,136,104,71,33,63,128,65,34,6,31,95,32,6,33,65,6,32,64,63,95,128,33,65,33
74,102,136,200,135,102,73,29,62,127,62,31,9,34,98,33,9,30,65,9,36,63,65,98,127,34,62,29
75,106,136,200,135,105,73,32,62,127,65,41,22,30,95,36,25,39,66,23,41,67,66,97,128,30,62,32
79,110,143,200,140,109,75,32,66,128,77,56,41,34,97,52,44,52,64,39,54,78,62,94,127,32,66,34
77,107,139,197,138,108,73,32,64,127,74,52,36,32,95,48,39,48,65,36,50,74,60,92,126,31,66,35
73,103,135,194,135,102,70,32,64,126,74,49,34,32,94,47,35,45,64,34,49,72,61,95,126,34,66,32
74,104,134,195,135,104,71,32,62,125,70,47,28,30,92,41,31,41,63,28,45,68,62,95,125,33,64,33
74,103,134,197,133,104,72,29,61,125,65,42,24,32,96,38,27,38,64,23,41,66,66,95,126,30,61,32
72,103,135,197,136,104,69,32,64,129,70,44,24,32,96,39,24,38,65,21,40,68,62,94,129,33,67,35
74,105,136,197,134,103,71,32,63,127,66,41,24,31,94,36,23,38,64,21,40,67,64,95,127,31,63,32
74,102,136,197,134,103,71,29,63,126,67,43,26,34,97,40,27,38,65,26,45,69,64,96,127,32,63,32
71,102,134,197,134,101,68,32,64,130,71,45,27,32,97,42,29,40,66,27,45,69,65,99,130,34,66,32
74,104,137,200,137,104,72,32,64,130,71,45,29,32,98,41,29,41,67,28,47,71,64,98,130,35,66,32
71,101,134,197,134,101,69,32,64,130,72,47,31,32,98,43,31,43,67,29,47,71,65,99,130,34,66,32
71,101,134,200,134,101,69,32,64,133,72,47,31,32,101,43,31,43,70,29,47,71,67,102,133,34,66,32
70,100,134,198,135,102,71,32,66,132,74,49,29,34,99,44,32,39,66,29,47,69,65,100,129,35,65,32
74,102,134,197,134,103,71,29,61,126,67,43,26,32,97,42,29,39,66,27,43,68,65,96,127,31,63,32
69,99,128,196,130,100,71,30,59,127,62,35,12,30,97,33,15,30,68,12,34,59,66,97,125,31,59,29
72,101,134,203,134,101,72,30,62,132,62,31,0,33,102,33,3,30,70,0,34,62,70,103,132,34,62,31
70,96,129,199,131,99,70,26,58,129,61,30,6,33,103,35,9,27,70,7,33,59,68,101,129,33,61,29
70,101,134,196,135,103,71,32,65,127,69,44,23,33,95,39,26,37,62,20,42,67,62,96,126,33,64,32
70,101,131,196,131,99,70,32,61,128,66,39,23,30,96,36,23,37,67,23,41,65,66,99,127,33,61,29
70,99,129,196,130,98,68,30,59,127,63,34,17,30,97,33,17,34,68,15,37,63,67,100,129,33,63,30
74,106,135,202,138,105,74,32,61,129,64,33,3,30,97,32,6,32,67,4,31,62,65,98,129,33,64,32
75,106,136,203,138,105,74,32,61,129,64,33,6,30,97,32,9,33,67,7,33,62,65,98,129,33,64,32
75,103,136,199,135,102,74,29,61,125,61,30,6,33,97,32,6,29,64,6,35,62,65,98,126,33,61,29
71,103,132,203,132,102,71,32,61,132,61,33,3,30,100,29,6,32,71,3,31,62,71,101,132,30,61,32
71,100,130,206,132,102,74,29,59,135,61,33,4,31,106,33,7,26,76,2,30,57,74,104,132,31,59,29
70,99,130,205,133,100,72,29,60,135,63,32,4,32,107,34,6,27,75,4,31,59,73,106,134,33,61,29
70,99,128,204,131,101,69,29,58,134,61,33,6,30,106,33,7,29,76,4,30,59,74,105,135,31,62,32
68,99,131,202,131,99,70,32,64,134,63,33,4,32,103,31,6,29,71,6,34,61,72,104,132,32,60,29
72,101,130,202,132,103,71,29,58,130,61,34,9,30,101,32,12,30,72,9,32,60,70,101,131,30,61,32
69,97,128,196,131,99,67,29,60,128,66,39,19,31,99,38,22,35,69,23,40,65,67,100,130,33,64,32
68,97,129,197,131,100,65,31,63,136,78,53,38,32,105,52,38,48,74,39,49,73,69,101,135,32,67,35
69,99,130,200,132,98,67,32,63,138,78,54,40,31,106,52,42,49,77,40,54,74,71,106,136,35,66,31
71,103,134,201,133,103,69,34,65,137,78,57,41,31,104,52,45,53,74,43,56,77,71,103,135,31,65,34
70,102,133,201,134,101,70,34,65,137,78,55,41,31,103,51,43,51,73,41,55,76,72,106,136,34,65,31
71,101,133,200,133,101,67,31,64,135,77,55,40,33,104,52,43,51,72,39,54,77,71,104,136,34,67,34
68,97,129,199,131,99,70,29,61,131,65,38,18,32,102,37,21,32,70,15,38,62,69,103,130,33,61,29
75,101,132,203,132,104,75,27,57,129,57,30,0,31,102,30,4,27,71,3,28,57,72,99,129,28,57,30
70,99,129,205,131,102,70,29,59,135,61,32,0,31,106,33,3,29,76,2,28,59,74,103,135,30,61,32
70,102,130,202,131,102,73,32,59,132,61,33,4,28,100,29,7,29,72,4,30,57,71,101,129,31,58,29
68,96,126,198,128,99,69,29,58,130,61,36,13,30,101,33,16,30,72,12,34,59,70,100,129,31,59,30
67,95,128,195,129,97,65,29,61,129,66,38,21,33,100,38,21,36,68,21,40,67,67,99,131,33,64,32
68,101,133,197,131,100,68,34,66,131,71,47,29,33,97,39,29,40,66,29,47,71,68,100,130,33,63,31
73,104,138,201,136,105,71,32,66,131,71,47,29,34,99,43,32,43,66,29,47,73,68,100,133,33,66,34
69,99,130,196,131,100,65,32,63,131,72,47,30,31,99,44,33,44,69,31,46,71,68,100,133,32,66,34
71,101,136,202,135,104,69,32,67,136,76,52,33,35,105,48,36,44,70,34,49,73,70,102,135,32,66,34
67,99,133,198,133,100,66,34,68,137,77,52,34,34,103,48,36,46,70,34,50,75,67,101,134,34,68,34
71,103,134,203,136,102,68,34,65,139,77,52,34,31,105,48,36,46,75,36,50,73,69,103,136,34,68,34
71,103,134,203,133,102,68,34,65,139,75,52,34,31,105,46,37,46,75,36,50,73,72,104,136,32,65,34
72,100,134,201,133,100,65,31,65,137,77,54,39,34,106,50,39,48,73,38,54,77,71,105,138,35,68,34
70,99,133,201,134,100,67,31,65,138,75,50,31,34,107,48,34,42,74,31,47,71,68,103,135,35,67,33
67,96,129,200,130,98,65,31,64,140,78,55,39,33,109,52,42,48,77,38,52,73,73,106,138,34,66,33
69,98,132,201,131,98,64,31,65,138,73,48,31,34,107,46,34,44,74,33,50,74,71,105,138,34,67,34
69,98,132,201,132,99,65,31,65,138,78,55,40,35,107,52,40,48,75,43,55,78,73,106,139,33,67,34
68,99,131,203,134,100,66,33,66,142,81,61,43,33,110,55,49,53,78,43,60,79,73,109,141,36,69,35
66,98,128,200,130,96,62,34,64,140,77,51,35,30,106,49,38,49,77,38,51,74,73,107,140,35,69,34
65,93,124,199,128,97,66,29,60,137,72,50,33,31,108,48,36,42,78,34,47,67,76,107,136,31,62,31
65,93,123,197,125,98,69,29,58,134,70,51,37,30,105,45,37,43,76,37,50,68,79,108,135,30,58,29
61,93,123,195,128,98,65,32,62,135,71,49,28,31,103,42,34,40,73,30,48,68,72,106,135,34,64,33
64,93,121,196,125,97,67,29,56,132,66,45,29,28,103,38,29,37,76,29,45,64,75,107,135,32,60,30
63,93,124,194,126,97,67,30,60,130,65,41,23,32,101,36,22,34,70,26,43,65,74,104,132,31,60,30
65,95,122,199,125,96,69,30,57,134,60,33,10,28,105,31,14,29,77,14,34,57,77,108,133,31,57,27
67,94,124,201,127,99,68,27,57,134,60,33,7,31,108,33,11,27,77,11,32,58,77,108,136,31,60,31
65,95,122,198,126,97,69,30,57,134,61,36,12,28,105,31,15,28,77,15,35,56,77,108,133,31,57,28
68,96,124,200,124,99,69,28,56,133,56,33,7,31,107,29,8,27,77,11,33,57,79,108,134,28,56,30
69,96,125,202,126,100,70,27,56,134,56,31,4,31,110,30,5,26,79,4,30,56,80,109,135,28,56,30
73,103,131,208,131,103,71,30,58,136,58,30,2,31,109,30,0,32,78,4,31,60,79,109,138,30,60,32
72,99,128,205,125,99,69,27,56,134,53,29,5,31,109,28,4,29,78,3,32,59,81,110,137,30,56,30
73,102,129,205,126,101,73,29,56,133,53,28,0,28,104,24,4,29,76,5,31,56,80,107,133,27,53,28
69,100,128,203,125,97,69,31,59,134,56,28,0,30,105,27,3,31,75,3,33,59,78,108,134,30,56,28
69,99,124,203,121,96,69,30,55,134,52,29,0,27,106,23,5,30,79,5,31,55,83,110,134,27,52,29
72,102,128,205,125,99,69,30,56,133,53,27,4,28,105,25,3,34,77,3,31,59,80,108,136,28,56,31
69,98,127,202,125,98,69,30,58,133,56,30,0,30,105,28,0,30,75,2,30,58,77,105,133,28,56,30
69,98,127,202,127,98,69,29,58,133,58,31,3,30,104,29,7,29,75,7,32,58,75,104,133,30,58,30
71,99,131,201,132,102,71,29,60,132,70,49,32,31,104,46,38,43,73,35,50,69,73,105,134,32,62,32
72,101,130,205,131,101,68,31,61,140,74,52,37,30,109,47,37,46,80,34,46,70,75,106,139,31,64,33
71,102,134,205,134,100,67,33,65,141,77,52,35,32,108,49,37,46,78,37,51,74,72,107,139,35,68,33
70,100,133,201,133,100,65,33,66,139,80,55,38,33,107,52,40,48,76,40,53,76,69,103,138,34,69,35
69,101,136,203,136,101,67,34,69,141,80,52,32,35,107,52,37,45,74,35,50,73,68,104,136,36,69,33
68,98,133,199,135,99,66,33,68,138,80,51,34,35,105,51,34,44,71,34,47,73,66,102,134,36,69,33
66,98,131,197,132,99,65,34,67,136,78,52,31,33,102,48,34,42,71,34,48,71,66,100,132,34,67,34
69,98,131,199,132,99,66,31,64,135,74,50,31,33,104,46,34,42,72,31,48,71,69,103,135,35,67,34
70,100,131,201,133,102,69,30,61,132,65,37,13,32,102,35,13,32,71,13,34,63,68,100,132,32,64,33
69,99,130,199,132,102,67,31,62,132,69,44,22,32,101,39,25,36,71,25,42,67,69,100,133,32,65,35
71,100,136,201,137,106,73,30,66,133,77,56,40,36,103,54,45,50,67,40,56,77,71,104,135,33,66,33
73,105,140,207,146,113,80,33,68,138,89,66,50,35,105,64,54,57,71,51,63,82,72,107,137,36,69,34
73,101,133,200,134,106,77,28,60,127,61,36,13,33,100,34,16,28,67,16,36,60,70,99,127,30,58,30
70,100,128,195,128,100,72,30,58,125,58,31,4,30,97,29,3,27,67,3,31,56,68,97,123,30,56,28
73,103,128,196,128,101,73,30,55,123,55,29,0,25,93,25,4,30,68,4,28,55,68,96,123,27,55,29
76,104,132,197,132,105,74,29,56,121,57,33,12,28,93,29,12,32,65,9,32,60,65,94,124,29,59,32
74,102,130,195,127,100,72,29,56,121,55,33,15,28,93,27,15,32,65,12,36,60,68,97,124,29,56,29
72,103,133,190,134,105,70,32,61,118,62,36,12,30,87,31,12,35,57,9,34,65,57,88,121,31,64,35
73,102,134,193,132,101,71,29,61,120,60,33,14,32,91,30,15,33,59,12,39,65,62,95,123,33,61,30
71,100,129,191,129,101,72,30,58,120,59,33,9,30,91,29,9,29,62,9,33,59,62,92,120,30,58,30
75,103,132,198,132,104,75,29,57,123,57,31,3,30,96,29,6,28,66,3,32,57,66,96,123,31,57,30
75,103,132,198,129,101,72,30,57,123,54,28,7,30,97,27,4,31,67,3,34,60,70,100,127,31,57,29
71,102,127,195,130,102,71,32,56,124,59,34,7,26,94,28,6,31,68,8,28,56,66,95,125,29,59,32
69,99,130,196,132,103,72,30,61,127,63,36,9,32,97,33,12,28,66,9,33,59,65,96,125,31,60,31
68,99,126,195,129,100,69,31,58,127,62,36,15,28,96,31,15,33,69,15,34,61,67,98,128,31,61,31
70,101,132,197,131,102,73,32,62,128,65,40,21,30,96,34,21,34,66,20,40,63,68,98,126,31,59,29
71,100,129,197,128,100,69,30,59,128,62,40,23,29,98,34,23,36,69,20,39,63,70,100,129,30,59,30
69,102,134,197,135,101,68,35,67,133,77,52,33,32,98,47,37,45,66,33,50,73,65,100,131,36,68,34
69,101,133,192,133,101,65,35,67,131,78,53,35,32,96,47,35,46,65,35,48,74,61,94,128,33,68,35
68,101,130,192,130,98,66,35,65,132,78,53,38,30,98,50,40,50,69,38,50,73,64,96,128,33,65,32
65,95,125,185,124,95,64,31,61,125,71,51,37,30,94,48,40,48,65,37,50,71,64,94,124,30,61,31
65,93,123,188,123,95,63,29,59,127,66,45,28,30,98,39,28,38,68,26,41,65,66,96,127,29,61,32
67,96,123,191,122,96,66,31,56,125,56,33,10,27,95,26,6,30,69,7,29,57,69,95,125,27,56,30
67,93,127,190,127,93,66,27,61,124,61,28,4,34,97,34,3,27,63,0,35,61,63,97,124,35,61,27
67,97,127,187,127,97,66,31,61,121,61,32,4,30,90,30,3,31,60,0,31,61,60,90,121,31,61,31
69,98,128,191,128,98,66,29,59,122,59,31,5,30,93,30,6,32,63,0,32,62,63,94,125,32,62,33
70,98,126,198,126,98,69,30,57,129,57,30,6,29,100,29,3,29,72,0,29,57,72,100,129,29,57,29
68,99,129,197,127,96,68,31,61,129,59,30,6,31,98,28,9,31,68,6,36,62,70,102,129,32,59,29
66,97,126,200,128,97,65,32,60,135,63,34,9,28,103,31,9,33,75,7,30,61,72,104,135,32,63,32
69,99,130,198,129,99,68,31,61,130,62,34,9,31,99,31,12,32,69,12,35,62,70,100,130,31,61,32
67,97,127,199,128,98,66,30,60,133,63,37,15,30,103,34,18,34,73,15,35,63,72,103,134,31,62,32
70,99,129,199,131,102,68,30,60,131,66,42,23,30,101,39,26,38,72,23,40,65,69,100,132,31,63,33
70,101,131,196,131,99,68,32,62,131,72,47,31,30,99,45,34,43,71,34,48,69,66,99,129,33,63,30
71,101,134,199,134,102,69,32,65,134,77,55,40,33,102,50,40,48,71,37,52,75,67,101,133,34,66,33
70,99,131,197,133,101,66,32,64,134,77,52,39,32,101,49,36,48,71,37,49,75,67,99,133,32,67,35
73,101,133,200,132,101,67,30,62,134,75,52,37,32,105,51,40,48,74,39,51,73,70,102,134,32,65,33
71,101,130,200,132,101,68,32,62,136,77,52,37,30,105,51,39,48,76,37,47,70,70,102,134,32,65,33
71,98,131,197,129,98,67,29,62,134,74,51,37,33,105,51,40,46,74,40,52,72,70,102,131,32,62,30
69,100,129,195,129,97,67,33,63,134,75,50,38,30,101,48,38,48,73,37,50,72,67,100,130,33,63,30
71,100,132,195,132,100,66,30,63,130,74,50,35,33,101,49,38,46,69,35,50,73,65,98,130,33,66,33
74,104,134,195,133,100,68,32,62,128,71,47,34,30,97,43,34,47,68,31,48,72,63,97,128,34,65,32
66,98,130,193,130,97,61,33,66,133,74,50,31,33,100,46,34,45,68,31,48,74,65,98,133,34,69,36
69,100,133,190,132,97,64,33,66,127,74,48,32,33,94,44,32,44,62,31,50,74,60,95,127,36,68,33
68,100,135,193,132,99,64,33,68,130,73,47,29,35,97,44,32,44,63,29,48,75,63,96,130,34,68,35
67,98,127,193,128,95,63,32,62,131,70,45,28,30,99,41,31,43,70,28,45,69,66,99,131,34,65,32
68,98,130,195,130,98,65,32,64,133,72,48,30,32,101,43,33,42,70,28,46,70,66,99,131,33,65,33
67,98,131,193,130,98,64,33,66,133,76,53,33,33,100,49,39,45,69,36,52,73,65,98,130,34,66,34
66,98,131,194,129,93,59,34,68,137,78,50,36,34,104,51,38,51,71,36,51,78,66,102,136,36,70,34
63,93,124,187,124,90,56,32,64,132,74,48,34,32,100,47,36,48,70,33,50,75,64,99,133,35,69,34
63,94,125,188,126,91,56,32,64,130,71,42,25,32,98,41,27,43,67,24,43,72,63,98,132,35,70,35
63,95,127,188,128,93,60,33,65,128,69,40,20,32,96,38,22,39,64,16,40,69,60,96,128,36,68,33
61,90,122,185,123,91,56,29,61,126,66,37,17,32,97,38,19,36,66,17,36,67,62,95,129,32,67,35
66,97,132,195,131,96,64,32,67,131,67,34,9,35,99,35,9,33,64,6,37,68,64,99,131,36,67,32
63,95,127,193,126,94,62,32,64,131,64,33,6,32,99,32,9,33,67,6,34,65,67,99,131,33,64,32
64,95,128,193,127,95,63,32,64,130,64,33,6,33,98,32,6,32,66,6,34,65,66,98,130,33,64,32
66,96,131,198,134,99,68,31,65,133,68,35,4,35,102,37,7,28,68,4,33,63,65,99,130,35,65,31
